<?xml version="1.0" encoding="UTF-8"?>
<project-private xmlns="http://www.netbeans.org/ns/project-private/1">
    <editor-bookmarks xmlns="http://www.netbeans.org/ns/editor-bookmarks/1"/>
    <editor-bookmarks xmlns="http://www.netbeans.org/ns/editor-bookmarks/2" lastBookmarkId="0"/>
    <open-files xmlns="http://www.netbeans.org/ns/projectui-open-files/2">
        <group>
            <file>file:/E:/31.10.2023/MaterialAlinda/UNITAU/2023.2/Exercícios%20Propostos/Tratamento%20de%20Excecao/OperacoesComDoisNumeros/src/operacoesComDoisNumeros/DoisNumerosInteiros.java</file>
            <file>file:/E:/31.10.2023/MaterialAlinda/UNITAU/2023.2/Exercícios%20Propostos/Tratamento%20de%20Excecao/OperacoesComDoisNumeros/src/operacoesComDoisNumeros/Aplicacao.java</file>
        </group>
    </open-files>
</project-private>
